{
  "variants": {
    "ominous=false,trial_spawner_state=active": {
      "model": "mia:block/abyss_spawner_active"
    },
    "ominous=false,trial_spawner_state=cooldown": {
      "model": "mia:block/abyss_spawner"
    },
    "ominous=false,trial_spawner_state=ejecting_reward": {
      "model": "mia:block/abyss_spawner_ejecting_reward"
    },
    "ominous=false,trial_spawner_state=inactive": {
      "model": "mia:block/abyss_spawner"
    },
    "ominous=false,trial_spawner_state=waiting_for_players": {
      "model": "mia:block/abyss_spawner_active"
    },
    "ominous=false,trial_spawner_state=waiting_for_reward_ejection": {
      "model": "mia:block/abyss_spawner_active"
    },
    "ominous=true,trial_spawner_state=active": {
      "model": "mia:block/abyss_spawner_active_ominous"
    },
    "ominous=true,trial_spawner_state=cooldown": {
      "model": "mia:block/abyss_spawner_ominous"
    },
    "ominous=true,trial_spawner_state=ejecting_reward": {
      "model": "mia:block/abyss_spawner_ejecting_reward_ominous"
    },
    "ominous=true,trial_spawner_state=inactive": {
      "model": "mia:block/abyss_spawner_ominous"
    },
    "ominous=true,trial_spawner_state=waiting_for_players": {
      "model": "mia:block/abyss_spawner_active_ominous"
    },
    "ominous=true,trial_spawner_state=waiting_for_reward_ejection": {
      "model": "mia:block/abyss_spawner_active_ominous"
    }
  }
}