{
  "parent": "minecraft:block/block",
  "elements": [
    {
      "faces": {
        "down": {
          "cullface": "down",
          "texture": "#bottom"
        },
        "east": {
          "cullface": "east",
          "texture": "#side"
        },
        "north": {
          "cullface": "north",
          "texture": "#side"
        },
        "south": {
          "cullface": "south",
          "texture": "#side"
        },
        "up": {
          "cullface": "up",
          "texture": "#top"
        },
        "west": {
          "cullface": "west",
          "texture": "#side"
        }
      },
      "from": [
        0,
        0,
        0
      ],
      "to": [
        16,
        16,
        16
      ]
    }
  ],
  "textures": {
    "bottom": "minecraft:block/andesite",
    "particle": "minecraft:block/andesite",
    "side": "mia:block/covergrass_abyss_andesite_side",
    "top": "mia:block/abyss_grass_block_top"
  }
}