{
  "parent": "minecraft:block/block",
  "elements": [
    {
      "faces": {
        "down": {
          "cullface": "down",
          "texture": "#rope",
          "uv": [
            12.0,
            4.0,
            8.0,
            0.0
          ]
        },
        "east": {
          "texture": "#rope",
          "uv": [
            0.0,
            0.0,
            4.0,
            16.0
          ]
        },
        "north": {
          "texture": "#rope",
          "uv": [
            0.0,
            0.0,
            4.0,
            16.0
          ]
        },
        "south": {
          "texture": "#rope",
          "uv": [
            0.0,
            0.0,
            4.0,
            16.0
          ]
        },
        "up": {
          "cullface": "up",
          "texture": "#rope",
          "uv": [
            12.0,
            4.0,
            8.0,
            0.0
          ]
        },
        "west": {
          "texture": "#rope",
          "uv": [
            0.0,
            0.0,
            4.0,
            16.0
          ]
        }
      },
      "from": [
        6,
        0,
        6
      ],
      "to": [
        10,
        16,
        10
      ]
    },
    {
      "faces": {
        "east": {
          "texture": "#rope",
          "uv": [
            4.0,
            0.0,
            8.0,
            16.0
          ]
        },
        "north": {
          "texture": "#rope",
          "uv": [
            4.0,
            0.0,
            8.0,
            16.0
          ]
        },
        "south": {
          "texture": "#rope",
          "uv": [
            4.0,
            0.0,
            8.0,
            16.0
          ]
        },
        "west": {
          "texture": "#rope",
          "uv": [
            4.0,
            0.0,
            8.0,
            16.0
          ]
        }
      },
      "from": [
        5.75,
        0,
        5.75
      ],
      "to": [
        10.25,
        16,
        10.25
      ]
    }
  ],
  "render_type": "minecraft:cutout",
  "textures": {
    "particle": "mia:block/rope",
    "rope": "mia:block/rope"
  }
}