{
  "carvers": {},
  "downfall": 0.8,
  "effects": {
    "fog_color": 8888490,
    "grass_color": 11335504,
    "mood_sound": {
      "block_search_extent": 8,
      "offset": 2.0,
      "sound": "minecraft:ambient.cave",
      "tick_delay": 6000
    },
    "music": {
      "max_delay": 24000,
      "min_delay": 12000,
      "replace_current_music": false,
      "sound": "minecraft:music.overworld.lush_caves"
    },
    "sky_color": 8888490,
    "water_color": 6141935,
    "water_fog_color": 6141935
  },
  "features": [
    [],
    [],
    [
      "minecraft:forest_rock"
    ],
    [
      "minecraft:monster_room",
      "minecraft:monster_room_deep"
    ],
    [],
    [],
    [
      "minecraft:ore_dirt",
      "minecraft:ore_gravel",
      "minecraft:ore_granite_upper",
      "minecraft:ore_granite_lower",
      "minecraft:ore_diorite_upper",
      "minecraft:ore_diorite_lower",
      "minecraft:ore_tuff",
      "minecraft:ore_iron_upper",
      "minecraft:ore_iron_middle",
      "minecraft:ore_iron_small",
      "minecraft:ore_gold",
      "minecraft:ore_gold_lower",
      "minecraft:ore_redstone",
      "minecraft:ore_redstone_lower",
      "minecraft:ore_diamond",
      "minecraft:ore_diamond_medium",
      "minecraft:ore_diamond_large",
      "minecraft:ore_diamond_buried",
      "minecraft:ore_lapis",
      "minecraft:ore_lapis_buried",
      "minecraft:ore_copper_large",
      "minecraft:underwater_magma",
      "minecraft:disk_sand",
      "minecraft:disk_clay",
      "minecraft:disk_gravel"
    ],
    [],
    [
      "mia:spring_water"
    ],
    [
      "minecraft:glow_lichen",
      "minecraft:patch_tall_grass_2",
      "minecraft:patch_grass_plain",
      "minecraft:flower_meadow",
      "minecraft:trees_meadow",
      "mia:trees_skyfog_and_azalea",
      "minecraft:patch_large_fern",
      "minecraft:brown_mushroom_normal",
      "minecraft:red_mushroom_normal",
      "minecraft:patch_sugar_cane",
      "minecraft:patch_pumpkin"
    ],
    [
      "minecraft:freeze_top_layer"
    ]
  ],
  "has_precipitation": true,
  "spawn_costs": {},
  "spawners": {
    "ambient": [],
    "axolotls": [],
    "creature": [
      {
        "type": "minecraft:cat",
        "maxCount": 4,
        "minCount": 4,
        "weight": 10
      },
      {
        "type": "minecraft:sheep",
        "maxCount": 4,
        "minCount": 4,
        "weight": 12
      },
      {
        "type": "minecraft:pig",
        "maxCount": 4,
        "minCount": 4,
        "weight": 10
      },
      {
        "type": "minecraft:chicken",
        "maxCount": 4,
        "minCount": 4,
        "weight": 10
      },
      {
        "type": "minecraft:cow",
        "maxCount": 4,
        "minCount": 4,
        "weight": 8
      }
    ],
    "misc": [],
    "monster": [],
    "underground_water_creature": [
      {
        "type": "minecraft:glow_squid",
        "maxCount": 6,
        "minCount": 4,
        "weight": 10
      }
    ],
    "water_ambient": [
      {
        "type": "minecraft:tropical_fish",
        "maxCount": 8,
        "minCount": 8,
        "weight": 25
      },
      {
        "type": "minecraft:cod",
        "maxCount": 6,
        "minCount": 3,
        "weight": 25
      }
    ],
    "water_creature": []
  },
  "temperature": 0.8
}