{
  "aquifers_enabled": true,
  "default_block": {
    "Name": "mia:abyss_andesite"
  },
  "default_fluid": {
    "Name": "minecraft:water",
    "Properties": {
      "level": "0"
    }
  },
  "disable_mob_generation": false,
  "legacy_random_source": false,
  "noise": {
    "height": 368,
    "min_y": 0,
    "size_horizontal": 4,
    "size_vertical": 4
  },
  "noise_router": {
    "barrier": {
      "type": "minecraft:noise",
      "noise": "minecraft:aquifer_barrier",
      "xz_scale": 1.0,
      "y_scale": 0.5
    },
    "continents": 0.0,
    "depth": "mia:abyss_brink/depth",
    "erosion": 0.0,
    "final_density": {
      "type": "minecraft:min",
      "argument1": {
        "type": "minecraft:squeeze",
        "argument": {
          "type": "minecraft:mul",
          "argument1": 0.64,
          "argument2": {
            "type": "minecraft:interpolated",
            "argument": {
              "type": "minecraft:blend_density",
              "argument": {
                "type": "minecraft:add",
                "argument1": 0.4,
                "argument2": {
                  "type": "minecraft:mul",
                  "argument1": {
                    "type": "minecraft:y_clamped_gradient",
                    "from_value": 0.0,
                    "from_y": 0,
                    "to_value": 1.0,
                    "to_y": 24
                  },
                  "argument2": {
                    "type": "minecraft:add",
                    "argument1": -0.4,
                    "argument2": {
                      "type": "minecraft:add",
                      "argument1": -0.8975,
                      "argument2": {
                        "type": "minecraft:mul",
                        "argument1": {
                          "type": "minecraft:y_clamped_gradient",
                          "from_value": 1.0,
                          "from_y": 320,
                          "to_value": 1.0,
                          "to_y": 368
                        },
                        "argument2": {
                          "type": "minecraft:add",
                          "argument1": 1.025,
                          "argument2": {
                            "type": "minecraft:range_choice",
                            "input": "mia:abyss_brink/abyss_hole",
                            "max_exclusive": 0.025,
                            "min_inclusive": -1000000.0,
                            "when_in_range": {
                              "type": "minecraft:min",
                              "argument1": "mia:abyss_brink/inside_abyss_hole",
                              "argument2": {
                                "type": "minecraft:add",
                                "argument1": "minecraft:overworld/caves/spaghetti_2d",
                                "argument2": "minecraft:overworld/caves/spaghetti_roughness_function"
                              }
                            },
                            "when_out_of_range": {
                              "type": "minecraft:range_choice",
                              "input": "mia:abyss_brink/big_abyss_hole",
                              "max_exclusive": 0.025,
                              "min_inclusive": -1000000.0,
                              "when_in_range": {
                                "type": "minecraft:max",
                                "argument1": {
                                  "type": "minecraft:min",
                                  "argument1": "mia:abyss_brink/middle_abyss_3d_noise",
                                  "argument2": {
                                    "type": "minecraft:add",
                                    "argument1": "minecraft:overworld/caves/spaghetti_2d",
                                    "argument2": "minecraft:overworld/caves/spaghetti_roughness_function"
                                  }
                                },
                                "argument2": "mia:abyss_brink/caves/abyss_pillars"
                              },
                              "when_out_of_range": {
                                "type": "minecraft:max",
                                "argument1": {
                                  "type": "minecraft:min",
                                  "argument1": "mia:abyss_brink/outside_abyss_3d_noise",
                                  "argument2": {
                                    "type": "minecraft:add",
                                    "argument1": "minecraft:overworld/caves/spaghetti_2d",
                                    "argument2": "minecraft:overworld/caves/spaghetti_roughness_function"
                                  }
                                },
                                "argument2": "mia:abyss_brink/caves/abyss_pillars"
                              }
                            }
                          }
                        }
                      }
                    }
                  }
                }
              }
            }
          }
        }
      },
      "argument2": "mia:abyss_brink/caves/noodle"
    },
    "fluid_level_floodedness": {
      "type": "minecraft:noise",
      "noise": "minecraft:aquifer_fluid_level_floodedness",
      "xz_scale": 0.335,
      "y_scale": 0.5
    },
    "fluid_level_spread": {
      "type": "minecraft:noise",
      "noise": "minecraft:aquifer_fluid_level_spread",
      "xz_scale": 0.357142857,
      "y_scale": 0.5
    },
    "initial_density_without_jaggedness": {
      "type": "minecraft:add",
      "argument1": 0.1171875,
      "argument2": {
        "type": "minecraft:mul",
        "argument1": {
          "type": "minecraft:y_clamped_gradient",
          "from_value": 0.0,
          "from_y": 0,
          "to_value": 1.0,
          "to_y": 24
        },
        "argument2": {
          "type": "minecraft:add",
          "argument1": -0.1171875,
          "argument2": {
            "type": "minecraft:add",
            "argument1": -0.078125,
            "argument2": {
              "type": "minecraft:mul",
              "argument1": {
                "type": "minecraft:y_clamped_gradient",
                "from_value": 1.0,
                "from_y": 230,
                "to_value": 0.0,
                "to_y": 300
              },
              "argument2": {
                "type": "minecraft:add",
                "argument1": 0.078125,
                "argument2": {
                  "type": "minecraft:add",
                  "argument1": -0.703125,
                  "argument2": {
                    "type": "minecraft:mul",
                    "argument1": 4.0,
                    "argument2": {
                      "type": "minecraft:quarter_negative",
                      "argument": {
                        "type": "minecraft:mul",
                        "argument1": {
                          "type": "mia:abyss_hole"
                        },
                        "argument2": {
                          "type": "minecraft:cache_2d",
                          "argument": "minecraft:overworld/factor"
                        }
                      }
                    }
                  }
                }
              }
            }
          }
        }
      }
    },
    "lava": 0.0,
    "ridges": "minecraft:overworld/ridges",
    "temperature": {
      "type": "minecraft:shifted_noise",
      "noise": "minecraft:temperature",
      "shift_x": "minecraft:shift_x",
      "shift_y": 0.0,
      "shift_z": "minecraft:shift_z",
      "xz_scale": 0.25,
      "y_scale": 0.0
    },
    "vegetation": {
      "type": "minecraft:shifted_noise",
      "noise": "minecraft:vegetation",
      "shift_x": "minecraft:shift_x",
      "shift_y": 0.0,
      "shift_z": "minecraft:shift_z",
      "xz_scale": 0.25,
      "y_scale": 0.0
    },
    "vein_gap": 0.0,
    "vein_ridged": 0.0,
    "vein_toggle": 0.0
  },
  "ore_veins_enabled": true,
  "sea_level": 0,
  "spawn_target": [],
  "surface_rule": {
    "type": "minecraft:sequence",
    "sequence": [
      {
        "type": "minecraft:condition",
        "if_true": {
          "type": "minecraft:not",
          "invert": {
            "type": "minecraft:vertical_gradient",
            "false_at_and_above": {
              "below_top": 0
            },
            "random_name": "minecraft:deepslate_roof",
            "true_at_and_below": {
              "below_top": 5
            }
          }
        },
        "then_run": {
          "type": "minecraft:block",
          "result_state": {
            "Name": "minecraft:deepslate",
            "Properties": {
              "axis": "y"
            }
          }
        }
      },
      {
        "type": "minecraft:condition",
        "if_true": {
          "type": "minecraft:vertical_gradient",
          "false_at_and_above": {
            "above_bottom": 5
          },
          "random_name": "minecraft:bedrock_floor",
          "true_at_and_below": {
            "above_bottom": 0
          }
        },
        "then_run": {
          "type": "minecraft:block",
          "result_state": {
            "Name": "minecraft:bedrock"
          }
        }
      },
      {
        "type": "minecraft:sequence",
        "sequence": [
          {
            "type": "minecraft:condition",
            "if_true": {
              "type": "minecraft:biome",
              "biome_is": [
                "mia:abyss_brink/abyss_brink",
                "mia:abyss_brink/skyfog_forest",
                "mia:abyss_brink/abyss_plains",
                "minecraft:cherry_grove",
                "minecraft:birch_forest",
                "minecraft:forest"
              ]
            },
            "then_run": {
              "type": "minecraft:sequence",
              "sequence": [
                {
                  "type": "minecraft:condition",
                  "if_true": {
                    "type": "minecraft:stone_depth",
                    "add_surface_depth": false,
                    "offset": 0,
                    "secondary_depth_range": 0,
                    "surface_type": "floor"
                  },
                  "then_run": {
                    "type": "minecraft:condition",
                    "if_true": {
                      "type": "minecraft:water",
                      "add_stone_depth": false,
                      "offset": 0,
                      "surface_depth_multiplier": 0
                    },
                    "then_run": {
                      "type": "minecraft:block",
                      "result_state": {
                        "Name": "mia:covergrass_abyss_andesite"
                      }
                    }
                  }
                }
              ]
            }
          }
        ]
      }
    ]
  }
}