{
  "type": "minecraft:tree",
  "config": {
    "decorators": [
      {
        "type": "minecraft:beehive",
        "probability": 0.02
      }
    ],
    "dirt_provider": {
      "type": "minecraft:simple_state_provider",
      "state": {
        "Name": "minecraft:dirt"
      }
    },
    "foliage_placer": {
      "type": "minecraft:cherry_foliage_placer",
      "corner_hole_chance": 0.25,
      "hanging_leaves_chance": 0.16666667,
      "hanging_leaves_extension_chance": 0.33333334,
      "height": 4,
      "offset": 0,
      "radius": 4,
      "wide_bottom_layer_hole_chance": 0.25
    },
    "foliage_provider": {
      "type": "minecraft:weighted_state_provider",
      "entries": [
        {
          "data": {
            "Name": "mia:skyfog_leaves",
            "Properties": {
              "distance": "7",
              "persistent": "false",
              "waterlogged": "false"
            }
          },
          "weight": 5
        },
        {
          "data": {
            "Name": "mia:skyfog_leaves_with_fruits",
            "Properties": {
              "distance": "7",
              "persistent": "false",
              "waterlogged": "false"
            }
          },
          "weight": 1
        }
      ]
    },
    "force_dirt": false,
    "ignore_vines": true,
    "minimum_size": {
      "type": "minecraft:two_layers_feature_size",
      "limit": 1,
      "lower_size": 0,
      "upper_size": 1
    },
    "trunk_placer": {
      "type": "minecraft:forking_trunk_placer",
      "base_height": 6,
      "height_rand_a": 2,
      "height_rand_b": 2
    },
    "trunk_provider": {
      "type": "minecraft:simple_state_provider",
      "state": {
        "Name": "mia:skyfog_log",
        "Properties": {
          "axis": "y"
        }
      }
    }
  }
}