{
	"credit": "Made with EEK",
	"parent": "block/block",
	"texture_size": [32, 32],
	"textures": {
		"particle": "block/amethyst_block"
	},
	"elements": [
		{
			"from": [2, 0, 2],
			"to": [14, 2, 14],
			"faces": {
				"north": {"uv": [0, 12, 6, 13], "texture": "#lamp_tube"},
				"east": {"uv": [0, 12, 6, 13], "texture": "#lamp_tube"},
				"south": {"uv": [0, 12, 6, 13], "texture": "#lamp_tube"},
				"west": {"uv": [0, 12, 6, 13], "texture": "#lamp_tube"},
				"up": {"uv": [6, 6, 0, 0], "texture": "#lamp_tube"},
				"down": {"uv": [6, 6, 0, 12], "texture": "#lamp_tube", "cullface": "down"}
			}
		},
		{
			"from": [12, 14, 12],
			"to": [4, 2, 4],
			"faces": {
				"north": {"uv": [6, 0, 10, 6], "texture": "#lamp_tube"},
				"east": {"uv": [6, 0, 10, 6], "texture": "#lamp_tube"},
				"south": {"uv": [10, 0, 6, 6], "texture": "#lamp_tube"},
				"west": {"uv": [6, 0, 10, 6], "texture": "#lamp_tube"},
				"down": {"uv": [14, 0, 10, 4], "texture": "#lamp_tube"}
			}
		},
		{
			"from": [4, 2, 4],
			"to": [12, 7, 12],
			"faces": {
				"north": {"uv": [10, 4, 14, 6.5], "texture": "#lamp_tube"},
				"east": {"uv": [10, 4, 14, 6.5], "texture": "#lamp_tube"},
				"south": {"uv": [10, 4, 14, 6.5], "texture": "#lamp_tube"},
				"west": {"uv": [10, 4, 14, 6.5], "texture": "#lamp_tube"}
			}
		},
		{
			"from": [3, 2, 3],
			"to": [5, 9, 5],
			"faces": {
				"north": {"uv": [14.5, 0, 15.5, 3.5], "texture": "#lamp_tube"},
				"east": {"uv": [14, 0, 15, 3.5], "texture": "#lamp_tube"},
				"south": {"uv": [15, 0, 16, 3.5], "texture": "#lamp_tube"},
				"west": {"uv": [15.5, 0, 14.5, 3.5], "texture": "#lamp_tube"},
				"up": {"uv": [15, 1, 14, 0], "texture": "#lamp_tube"}
			}
		},
		{
			"from": [3, 2, 11],
			"to": [5, 9, 13],
			"rotation": {"angle": 0, "axis": "y", "origin": [16, 0, 8]},
			"faces": {
				"north": {"uv": [14, 0, 15, 3.5], "texture": "#lamp_tube"},
				"east": {"uv": [15, 0, 16, 3.5], "texture": "#lamp_tube"},
				"south": {"uv": [15.5, 0, 14.5, 3.5], "texture": "#lamp_tube"},
				"west": {"uv": [14.5, 0, 15.5, 3.5], "texture": "#lamp_tube"},
				"up": {"uv": [16, 1, 15, 0], "rotation": 180, "texture": "#lamp_tube"}
			}
		},
		{
			"from": [11, 2, 3],
			"to": [13, 9, 5],
			"faces": {
				"north": {"uv": [15.5, 0, 14.5, 3.5], "texture": "#lamp_tube"},
				"east": {"uv": [14.5, 0, 15.5, 3.5], "texture": "#lamp_tube"},
				"south": {"uv": [14, 0, 15, 3.5], "texture": "#lamp_tube"},
				"west": {"uv": [15, 0, 16, 3.5], "texture": "#lamp_tube"},
				"up": {"uv": [16, 1, 15, 0], "texture": "#lamp_tube"}
			}
		},
		{
			"from": [11, 2, 11],
			"to": [13, 9, 13],
			"faces": {
				"north": {"uv": [15, 0, 16, 3.5], "texture": "#lamp_tube"},
				"east": {"uv": [15.5, 0, 14.5, 3.5], "texture": "#lamp_tube"},
				"south": {"uv": [14.5, 0, 15.5, 3.5], "texture": "#lamp_tube"},
				"west": {"uv": [14, 0, 15, 3.5], "texture": "#lamp_tube"},
				"up": {"uv": [16, 1, 15, 0], "rotation": 90, "texture": "#lamp_tube"}
			}
		},
		{
			"from": [6, 2, 5],
			"to": [11, 16, 10],
			"rotation": {"angle": 45, "axis": "y", "origin": [9, 7, 8.5]},
			"faces": {
				"north": {"uv": [11, 9.5, 13.5, 16], "texture": "#lamp_tube"},
				"east": {"uv": [13.5, 9.5, 16, 16], "texture": "#lamp_tube"},
				"south": {"uv": [13.5, 9.5, 11, 16], "texture": "#lamp_tube"},
				"west": {"uv": [16, 9.5, 13.5, 16], "texture": "#lamp_tube"},
				"up": {"uv": [16, 9.5, 13.5, 7], "texture": "#lamp_tube"}
			}
		},
		{
			"from": [5.4, 2, 5.6],
			"to": [10.4, 7, 10.6],
			"faces": {
				"north": {"uv": [3, 13.5, 5.5, 16], "texture": "#lamp_tube"},
				"east": {"uv": [3, 13.5, 5.5, 16], "texture": "#lamp_tube"},
				"south": {"uv": [3, 13.5, 5.5, 16], "texture": "#lamp_tube"},
				"west": {"uv": [3, 13.5, 5.5, 16], "texture": "#lamp_tube"},
				"up": {"uv": [0, 13.5, 2.5, 16], "texture": "#lamp_tube"}
			}
		},
		{
			"from": [4, 13, 4],
			"to": [12, 14, 12],
			"rotation": {"angle": 0, "axis": "y", "origin": [4, 13, 4]},
			"faces": {
				"north": {"uv": [6, 10, 10, 10.5], "texture": "#lamp_tube"},
				"east": {"uv": [6, 10, 10, 10.5], "texture": "#lamp_tube"},
				"south": {"uv": [6, 10, 10, 10.5], "texture": "#lamp_tube"},
				"west": {"uv": [6, 10, 10, 10.5], "texture": "#lamp_tube"},
				"up": {"uv": [6, 6, 10, 10], "texture": "#lamp_tube"},
				"down": {"uv": [6, 6, 10, 10], "texture": "#lamp_tube"}
			}
		}
	],
	"display": {
		"head": {
			"translation": [0, 14, 0]
		},
		"fixed": {
			"rotation": [-90, 0, 0],
			"translation": [0, 0, -4],
			"scale": [0.5, 0.5, 0.5]
		}
	},
	"groups": [
		{
			"name": "shell",
			"origin": [8, 8, 8],
			"color": 0,
			"children": [0, 1, 2]
		},
		{
			"name": "rod",
			"origin": [8, 8, 8],
			"color": 0,
			"children": [3, 4, 5, 6]
		},
		{
			"name": "core",
			"origin": [8, 8, 8],
			"color": 0,
			"children": [7, 8]
		},
		{
			"name": "dec",
			"origin": [8, 8, 8],
			"color": 0,
			"children": [9]
		}
	]
}