{
  "parent": "minecraft:recipes/root",
  "criteria": {
    "has_stone": {
      "conditions": {
        "items": [
          {
            "items": "minecraft:deepslate"
          }
        ]
      },
      "trigger": "minecraft:inventory_changed"
    },
    "has_the_recipe": {
      "conditions": {
        "recipe": "mia:lamp_tube/deepslate"
      },
      "trigger": "minecraft:recipe_unlocked"
    }
  },
  "requirements": [
    [
      "has_the_recipe",
      "has_stone"
    ]
  ],
  "rewards": {
    "recipes": [
      "mia:lamp_tube/deepslate"
    ]
  }
}